tag,sequence_norm_power,item_norm_power,n_test,target_rank_equal_rate,topk_exact_equal_rate,topk_jaccard_vs_dot,mean_abs_target_rank_change
sequence_p025,0.25,0.0,22363,0.9991950990475339,0.9998658498412556,1.0,0.0008049009524661271
sequence_p050,0.5,0.0,22363,0.999105665608371,0.9999105665608371,1.0,0.0008943343916290301
sequence_p075,0.75,0.0,22363,0.999105665608371,0.9999552832804185,1.0,0.0008943343916290301
sequence_p100,1.0,0.0,22363,0.9990162321692081,0.9998658498412556,1.0,0.000983767830791933
item_p025,0.0,0.25,22363,0.06890846487501677,0.010150695344989491,0.8975942404865154,40.0870187363055
item_p050,0.0,0.5,22363,0.04212314984572732,0.000715467513303224,0.8122434378214008,81.08683986942718
item_p075,0.0,0.75,22363,0.03206188793990073,4.47167195814515e-05,0.7392299780888073,123.3184724768591
item_p100,0.0,1.0,22363,0.025086079685194294,0.0,0.6753118991190807,166.81250279479497
joint_p025,0.25,0.25,22363,0.06890846487501677,0.010150695344989491,0.8975942404865154,40.08724231990341
joint_p050,0.5,0.5,22363,0.04212314984572732,0.000715467513303224,0.8122434378214008,81.08692930286634
joint_p075,0.75,0.75,22363,0.03206188793990073,4.47167195814515e-05,0.7392299780888073,123.3184724768591
joint_p100,1.0,1.0,22363,0.025086079685194294,0.0,0.6753118991190807,166.81277109511245
