dataset,seed,metric,scaled_dot_tau,dot,scaled_dot,sequence,joint,scaled_minus_dot,sequence_minus_scaled,joint_minus_scaled
Sports,2023,recall@10,0.125,0.0427,0.043,0.0498,0.0545,0.0002999999999999947,0.0068000000000000005,0.011500000000000003
Sports,2023,ndcg@10,0.125,0.0199,0.022,0.0242,0.0269,0.0020999999999999977,0.0022000000000000006,0.004900000000000002
Sports,2023,recall@20,0.125,0.0641,0.0664,0.0736,0.0797,0.0022999999999999965,0.007199999999999998,0.013299999999999992
Sports,2023,ndcg@20,0.125,0.0253,0.0279,0.0301,0.0332,0.0026000000000000016,0.002199999999999997,0.005299999999999999
Sports,2024,recall@10,0.125,0.0437,0.0448,0.0497,0.0547,0.0010999999999999968,0.004900000000000002,0.009899999999999999
Sports,2024,ndcg@10,0.125,0.0203,0.0228,0.0241,0.0271,0.0025000000000000022,0.001299999999999999,0.004299999999999998
Sports,2024,recall@20,0.125,0.0654,0.0674,0.0733,0.0803,0.0020000000000000018,0.0059000000000000025,0.012899999999999995
Sports,2024,ndcg@20,0.125,0.0258,0.0284,0.03,0.0335,0.0026000000000000016,0.0015999999999999973,0.0051
Sports,2025,recall@10,0.125,0.0438,0.045,0.0499,0.0551,0.0011999999999999997,0.004900000000000002,0.010100000000000005
Sports,2025,ndcg@10,0.125,0.0201,0.0227,0.0243,0.0273,0.0026000000000000016,0.0015999999999999973,0.0046
Sports,2025,recall@20,0.125,0.0644,0.067,0.0736,0.0782,0.002600000000000005,0.006599999999999995,0.011200000000000002
Sports,2025,ndcg@20,0.125,0.0253,0.0283,0.0303,0.0331,0.002999999999999999,0.0020000000000000018,0.004799999999999999
Toys,2023,recall@10,0.0625,0.0804,0.0801,0.0893,0.0959,-0.0002999999999999947,0.0092,0.015799999999999995
Toys,2023,ndcg@10,0.0625,0.0412,0.0456,0.0475,0.0482,0.004400000000000001,0.001899999999999999,0.002599999999999998
Toys,2023,recall@20,0.0625,0.1091,0.1102,0.122,0.1346,0.0011000000000000038,0.011799999999999991,0.02439999999999999
Toys,2023,ndcg@20,0.0625,0.0485,0.0532,0.0557,0.058,0.004699999999999996,0.0025000000000000022,0.004800000000000006
Toys,2024,recall@10,0.0625,0.072,0.0809,0.0922,0.0929,0.008900000000000005,0.011300000000000004,0.011999999999999997
Toys,2024,ndcg@10,0.0625,0.0414,0.0466,0.0479,0.0508,0.005200000000000003,0.0012999999999999956,0.004199999999999995
Toys,2024,recall@20,0.0625,0.0972,0.1119,0.1255,0.1271,0.014700000000000005,0.013600000000000001,0.015199999999999991
Toys,2024,ndcg@20,0.0625,0.0477,0.0545,0.0563,0.0595,0.0068000000000000005,0.001800000000000003,0.0049999999999999975
Toys,2025,recall@10,0.0625,0.0723,0.0799,0.0892,0.0977,0.007599999999999996,0.009300000000000003,0.017799999999999996
Toys,2025,ndcg@10,0.0625,0.0408,0.0456,0.0468,0.0495,0.004799999999999999,0.0011999999999999997,0.0039000000000000007
Toys,2025,recall@20,0.0625,0.098,0.109,0.1206,0.1337,0.010999999999999996,0.0116,0.024700000000000014
Toys,2025,ndcg@20,0.0625,0.0472,0.0529,0.0548,0.0586,0.005700000000000004,0.001899999999999999,0.005699999999999997
