dataset,seed,temperature,valid_recall@10,valid_ndcg@10,test_recall@10,test_ndcg@10,selected_by_valid_ndcg@10
Sports,2026,0.0625,0.0548,0.029,0.0415,0.0212,False
Sports,2026,0.125,0.0593,0.0297,0.0444,0.0219,True
Sports,2026,0.25,0.0593,0.029,0.0461,0.0221,False
Sports,2026,0.5,0.0597,0.0282,0.046,0.0215,False
Sports,2026,1.0,0.0573,0.0273,0.0443,0.0205,False
Toys,2026,0.0625,0.1023,0.0581,0.0814,0.0465,True
Toys,2026,0.125,0.1076,0.0578,0.0856,0.0465,False
Toys,2026,0.25,0.1111,0.0571,0.0883,0.0455,False
Toys,2026,0.5,0.1079,0.0542,0.0865,0.0436,False
Toys,2026,1.0,0.0939,0.0526,0.0719,0.0408,False
