dataset,seed,metric,dot,sequence,joint,sequence_minus_dot,joint_minus_sequence
Sports,2023,recall@10,0.0427,0.0498,0.0545,0.007099999999999995,0.004700000000000003
Sports,2023,ndcg@10,0.0199,0.0242,0.0269,0.004299999999999998,0.002700000000000001
Sports,2023,recall@20,0.0641,0.0736,0.0797,0.009499999999999995,0.006099999999999994
Sports,2023,ndcg@20,0.0253,0.0301,0.0332,0.004799999999999999,0.003100000000000002
Sports,2024,recall@10,0.0437,0.0497,0.0547,0.005999999999999998,0.0049999999999999975
Sports,2024,ndcg@10,0.0203,0.0241,0.0271,0.0038000000000000013,0.002999999999999999
Sports,2024,recall@20,0.0654,0.0733,0.0803,0.007900000000000004,0.006999999999999992
Sports,2024,ndcg@20,0.0258,0.03,0.0335,0.004199999999999999,0.003500000000000003
Sports,2025,recall@10,0.0438,0.0499,0.0551,0.006100000000000001,0.005200000000000003
Sports,2025,ndcg@10,0.0201,0.0243,0.0273,0.004199999999999999,0.0030000000000000027
Sports,2025,recall@20,0.0644,0.0736,0.0782,0.0092,0.004600000000000007
Sports,2025,ndcg@20,0.0253,0.0303,0.0331,0.005000000000000001,0.002799999999999997
Toys,2023,recall@10,0.0804,0.0893,0.0959,0.008900000000000005,0.006599999999999995
Toys,2023,ndcg@10,0.0412,0.0475,0.0482,0.0063,0.0006999999999999992
Toys,2023,recall@20,0.1091,0.122,0.1346,0.012899999999999995,0.0126
Toys,2023,ndcg@20,0.0485,0.0557,0.058,0.007199999999999998,0.0023000000000000034
Toys,2024,recall@10,0.072,0.0922,0.0929,0.02020000000000001,0.0006999999999999923
Toys,2024,ndcg@10,0.0414,0.0479,0.0508,0.006499999999999999,0.0029
Toys,2024,recall@20,0.0972,0.1255,0.1271,0.028300000000000006,0.0015999999999999903
Toys,2024,ndcg@20,0.0477,0.0563,0.0595,0.008600000000000003,0.0031999999999999945
Toys,2025,recall@10,0.0723,0.0892,0.0977,0.0169,0.008499999999999994
Toys,2025,ndcg@10,0.0408,0.0468,0.0495,0.005999999999999998,0.002700000000000001
Toys,2025,recall@20,0.098,0.1206,0.1337,0.022599999999999995,0.013100000000000014
Toys,2025,ndcg@20,0.0472,0.0548,0.0586,0.007600000000000003,0.003799999999999998
