variant,seed,epoch,valid_ndcg_at_10,sequence_norm_median,sequence_norm_mean,radial_gradient_fraction,softmax_entropy
dot,2025,1,0.0137,15.504937171936035,15.710479736328125,0.05259291082620621,8.044303894042969
dot,2025,2,0.028,17.26239013671875,17.427059173583984,0.044050268828868866,7.327254295349121
dot,2025,3,0.0406,19.389354705810547,19.443893432617188,0.03947838395833969,6.749948501586914
dot,2025,4,0.046,21.25362777709961,21.258481979370117,0.038973789662122726,5.6498494148254395
dot,2025,5,0.0483,22.626773834228516,22.61359214782715,0.04315469413995743,4.423506736755371
dot,2025,6,0.0502,23.595609664916992,23.581165313720703,0.04223118722438812,3.867969036102295
dot,2025,7,0.0496,24.307743072509766,24.289417266845703,0.040093015879392624,3.523439407348633
dot,2025,8,0.0508,24.848159790039062,24.831043243408203,0.033569227904081345,3.45282244682312
dot,2025,9,0.0513,25.256546020507812,25.240163803100586,0.028505705296993256,3.481778144836426
dot,2025,10,0.0506,25.62551498413086,25.598880767822266,0.027449408546090126,3.3572683334350586
dot,2025,11,0.0499,25.968530654907227,25.936595916748047,0.02403230220079422,3.320356845855713
dot,2025,12,0.0499,26.253833770751953,26.203826904296875,0.02118859812617302,3.3869714736938477
dot,2025,13,0.0495,26.5139102935791,26.449718475341797,0.018797440454363823,3.342710018157959
dot,2025,14,0.0487,26.755538940429688,26.690082550048828,0.017680106684565544,3.3614211082458496
dot,2025,15,0.0498,26.99570655822754,26.905742645263672,0.01585482619702816,3.344707489013672
dot,2025,16,0.0495,27.19439125061035,27.06798553466797,0.015084301121532917,3.3819189071655273
dot,2025,17,0.049,27.41007423400879,27.263090133666992,0.014204336330294609,3.3114867210388184
dot,2025,18,0.05,27.580698013305664,27.407188415527344,0.014142965897917747,3.2706212997436523
dot,2025,19,0.0496,27.730318069458008,27.542686462402344,0.012855695560574532,3.2354366779327393
dot,2025,20,0.0489,27.838491439819336,27.60101318359375,0.012778342701494694,3.2007884979248047
dot,2025,21,0.048,28.020986557006836,27.757808685302734,0.01145687885582447,3.2291259765625
dot,2025,22,0.0493,28.081512451171875,27.802688598632812,0.011264578439295292,3.2145256996154785
dot,2025,23,0.0489,28.16244888305664,27.851795196533203,0.011291885748505592,3.2082481384277344
dot,2025,24,0.0486,28.33026695251465,27.958589553833008,0.010779362171888351,3.188861846923828
dot,2025,25,0.0493,28.362445831298828,27.95299530029297,0.010584142059087753,3.23770809173584
dot,2025,26,0.0501,28.419763565063477,27.966405868530273,0.010348205454647541,3.187878131866455
dot,2025,27,0.0489,28.456127166748047,28.002687454223633,0.009906911291182041,3.148498773574829
dot,2025,28,0.0486,28.523677825927734,27.986366271972656,0.01023951917886734,3.125486373901367
dot,2025,29,0.0494,28.5146484375,27.94281768798828,0.009970569051802158,3.1686744689941406
dot,2025,30,0.0498,28.55419921875,27.980138778686523,0.010170076042413712,3.1025586128234863
dot,2025,31,0.0493,28.606868743896484,27.971357345581055,0.009808971546590328,3.0831642150878906
dot,2025,32,0.0502,28.566267013549805,27.935293197631836,0.009727619588375092,3.0973215103149414
dot,2025,33,0.0497,28.574459075927734,27.927858352661133,0.009277772158384323,3.0258991718292236
dot,2025,34,0.0499,28.580175399780273,27.900571823120117,0.0095154894515872,3.0495400428771973
dot,2025,35,0.0507,28.54047966003418,27.798900604248047,0.009380991570651531,2.9978275299072266
dot,2025,36,0.0506,28.550033569335938,27.78392219543457,0.009443147107958794,2.9907455444335938
dot,2025,37,0.0499,28.525663375854492,27.729326248168945,0.009039347060024738,3.0000057220458984
dot,2025,38,0.0501,28.54752540588379,27.799299240112305,0.009135928004980087,2.917654514312744
dot,2025,39,0.0501,28.39211654663086,27.609172821044922,0.008930785581469536,2.956099271774292
dot,2025,40,0.0506,28.256872177124023,27.499244689941406,0.009333032183349133,2.906284809112549
dot,2025,41,0.0498,28.303773880004883,27.491783142089844,0.009282546117901802,2.9051294326782227
dot,2025,42,0.0497,28.23819923400879,27.508224487304688,0.0088785570114851,2.8732855319976807
dot,2025,43,0.0496,28.123424530029297,27.353853225708008,0.008844317868351936,2.8536267280578613
dot,2025,44,0.0502,28.130821228027344,27.323219299316406,0.008575661107897758,2.8390696048736572
dot,2025,45,0.0496,28.115114212036133,27.322696685791016,0.008508451282978058,2.810267448425293
dot,2025,46,0.05,28.03868293762207,27.24151611328125,0.008501811884343624,2.8385887145996094
dot,2025,47,0.0498,27.972291946411133,27.16841697692871,0.008421420119702816,2.791194438934326
dot,2025,48,0.0497,27.788257598876953,27.01356315612793,0.0084835235029459,2.7726831436157227
dot,2025,49,0.0492,27.785974502563477,27.050254821777344,0.008562114089727402,2.729078769683838
dot,2025,50,0.05,27.67448616027832,26.9498291015625,0.008548022247850895,2.753237247467041
dot,2025,51,0.0499,27.672271728515625,26.890966415405273,0.008500955067574978,2.6920745372772217
dot,2025,52,0.0496,27.498037338256836,26.723323822021484,0.008413777686655521,2.735982894897461
dot,2025,53,0.0493,27.35439109802246,26.61435890197754,0.007981221191585064,2.7462801933288574
dot,2025,54,0.0495,27.36285400390625,26.598085403442383,0.008333818055689335,2.6909213066101074
dot,2025,55,0.0497,27.23525047302246,26.572650909423828,0.008110850118100643,2.6670122146606445
dot,2025,56,0.0497,27.251930236816406,26.577959060668945,0.007936736568808556,2.6543729305267334
dot,2025,57,0.0499,27.07981300354004,26.42414093017578,0.007900013588368893,2.6608498096466064
dot,2025,58,0.0498,27.007789611816406,26.36888885498047,0.007985335774719715,2.6629204750061035
dot,2025,59,0.0503,27.06878089904785,26.33368492126465,0.007538472767919302,2.6360526084899902
dot,2025,60,0.0504,26.893632888793945,26.191452026367188,0.008158482611179352,2.6064467430114746
